item_id,model_short_name,scorer,n_variants,answer_agreement,correct_agreement,quality_agreement,medical_relevance_var,shuffle_changed_answer
medqa:test:000002,qwen7b,heuristic_v1,3,1.0,1.0,1.0,0.0,False
medqa:test:000002,qwen7b,medgemma_judge_v1,3,1.0,1.0,1.0,0.0,False
medqa:test:000003,qwen7b,heuristic_v1,3,1.0,1.0,1.0,0.22222222222222224,False
medqa:test:000003,qwen7b,medgemma_judge_v1,3,1.0,1.0,1.0,0.0,False
medqa:test:000005,qwen7b,heuristic_v1,3,1.0,1.0,1.0,0.2222222222222222,False
medqa:test:000005,qwen7b,medgemma_judge_v1,3,1.0,1.0,1.0,0.0,False
medqa:test:000019,qwen7b,heuristic_v1,3,1.0,1.0,1.0,0.0,False
medqa:test:000019,qwen7b,medgemma_judge_v1,3,1.0,1.0,0.0,0.22222222222222224,False
medqa:test:000028,qwen7b,heuristic_v1,3,1.0,1.0,1.0,0.0,False
medqa:test:000028,qwen7b,medgemma_judge_v1,3,1.0,1.0,0.0,0.22222222222222224,False
medqa:test:000033,qwen7b,heuristic_v1,3,1.0,1.0,1.0,0.0,False
medqa:test:000033,qwen7b,medgemma_judge_v1,3,1.0,1.0,1.0,0.0,False
medqa:test:000049,qwen7b,heuristic_v1,3,1.0,1.0,1.0,0.0,False
medqa:test:000049,qwen7b,medgemma_judge_v1,3,1.0,1.0,0.0,0.22222222222222224,False
medqa:test:000055,qwen7b,heuristic_v1,3,1.0,1.0,1.0,0.0,False
medqa:test:000055,qwen7b,medgemma_judge_v1,3,1.0,1.0,1.0,0.0,False
medqa:test:000066,qwen7b,heuristic_v1,3,1.0,1.0,1.0,0.22222222222222224,False
medqa:test:000066,qwen7b,medgemma_judge_v1,3,1.0,1.0,1.0,0.0,False
medqa:test:000085,qwen7b,heuristic_v1,3,1.0,1.0,1.0,0.2222222222222222,False
medqa:test:000085,qwen7b,medgemma_judge_v1,3,1.0,1.0,1.0,0.0,False
medqa:test:000105,qwen7b,heuristic_v1,3,1.0,1.0,0.0,0.0,False
medqa:test:000105,qwen7b,medgemma_judge_v1,3,1.0,1.0,1.0,0.0,False
medqa:test:000110,qwen7b,heuristic_v1,3,1.0,1.0,1.0,0.22222222222222224,False
medqa:test:000110,qwen7b,medgemma_judge_v1,3,1.0,1.0,1.0,0.0,False
medqa:test:000112,qwen7b,heuristic_v1,3,1.0,1.0,1.0,0.0,False
medqa:test:000112,qwen7b,medgemma_judge_v1,3,1.0,1.0,0.0,0.22222222222222224,False
medqa:test:000113,qwen7b,heuristic_v1,3,0.0,0.0,1.0,0.0,True
medqa:test:000113,qwen7b,medgemma_judge_v1,3,0.0,0.0,0.0,0.22222222222222224,True
medqa:test:000131,qwen7b,heuristic_v1,3,0.0,0.0,1.0,0.2222222222222222,True
medqa:test:000131,qwen7b,medgemma_judge_v1,3,0.0,0.0,1.0,0.0,True
medqa:test:000133,qwen7b,heuristic_v1,3,1.0,1.0,1.0,0.0,False
medqa:test:000133,qwen7b,medgemma_judge_v1,3,1.0,1.0,1.0,0.0,False
medqa:test:000136,qwen7b,heuristic_v1,3,1.0,1.0,1.0,0.0,False
medqa:test:000136,qwen7b,medgemma_judge_v1,3,1.0,1.0,0.0,0.22222222222222224,False
medqa:test:000137,qwen7b,heuristic_v1,3,0.0,0.0,1.0,0.0,False
medqa:test:000137,qwen7b,medgemma_judge_v1,3,0.0,0.0,0.0,0.22222222222222224,False
medqa:test:000140,qwen7b,heuristic_v1,3,1.0,1.0,1.0,0.22222222222222224,False
medqa:test:000140,qwen7b,medgemma_judge_v1,3,1.0,1.0,0.0,0.22222222222222224,False
medqa:test:000151,qwen7b,heuristic_v1,3,1.0,1.0,1.0,0.22222222222222224,False
medqa:test:000151,qwen7b,medgemma_judge_v1,3,1.0,1.0,1.0,0.0,False
medqa:test:000161,qwen7b,heuristic_v1,3,1.0,1.0,0.0,0.0,False
medqa:test:000161,qwen7b,medgemma_judge_v1,3,1.0,1.0,1.0,0.0,False
medqa:test:000171,qwen7b,heuristic_v1,3,1.0,1.0,1.0,0.0,False
medqa:test:000171,qwen7b,medgemma_judge_v1,3,1.0,1.0,1.0,0.0,False
medqa:test:000177,qwen7b,heuristic_v1,3,1.0,1.0,1.0,0.2222222222222222,False
medqa:test:000177,qwen7b,medgemma_judge_v1,3,1.0,1.0,0.0,0.22222222222222224,False
medqa:test:000182,qwen7b,heuristic_v1,3,1.0,1.0,1.0,0.0,False
medqa:test:000182,qwen7b,medgemma_judge_v1,3,1.0,1.0,1.0,0.0,False
medqa:test:000185,qwen7b,heuristic_v1,3,1.0,1.0,1.0,0.2222222222222222,False
medqa:test:000185,qwen7b,medgemma_judge_v1,3,1.0,1.0,1.0,0.0,False
medqa:test:000192,qwen7b,heuristic_v1,3,1.0,1.0,1.0,0.0,False
medqa:test:000192,qwen7b,medgemma_judge_v1,3,1.0,1.0,1.0,0.0,False
medqa:test:000195,qwen7b,heuristic_v1,3,1.0,1.0,1.0,0.2222222222222222,False
medqa:test:000195,qwen7b,medgemma_judge_v1,3,1.0,1.0,0.0,0.22222222222222224,False
medqa:test:000206,qwen7b,heuristic_v1,3,1.0,1.0,1.0,0.22222222222222224,False
medqa:test:000206,qwen7b,medgemma_judge_v1,3,1.0,1.0,1.0,0.0,False
medqa:test:000215,qwen7b,heuristic_v1,3,1.0,1.0,1.0,0.0,False
medqa:test:000215,qwen7b,medgemma_judge_v1,3,1.0,1.0,1.0,0.0,False
medqa:test:000225,qwen7b,heuristic_v1,3,1.0,1.0,1.0,0.22222222222222224,False
medqa:test:000225,qwen7b,medgemma_judge_v1,3,1.0,1.0,0.0,0.22222222222222224,False
medqa:test:000226,qwen7b,heuristic_v1,3,0.0,0.0,1.0,0.0,True
medqa:test:000226,qwen7b,medgemma_judge_v1,3,0.0,0.0,1.0,0.0,True
medqa:test:000230,qwen7b,heuristic_v1,3,1.0,1.0,1.0,0.22222222222222224,False
medqa:test:000230,qwen7b,medgemma_judge_v1,3,1.0,1.0,1.0,0.0,False
medqa:test:000232,qwen7b,heuristic_v1,3,1.0,1.0,1.0,0.0,False
medqa:test:000232,qwen7b,medgemma_judge_v1,3,1.0,1.0,1.0,0.0,False
medqa:test:000241,qwen7b,heuristic_v1,3,0.0,0.0,0.0,0.2222222222222222,True
medqa:test:000241,qwen7b,medgemma_judge_v1,3,0.0,0.0,0.0,0.22222222222222224,True
medqa:test:000259,qwen7b,heuristic_v1,3,1.0,1.0,1.0,0.0,False
medqa:test:000259,qwen7b,medgemma_judge_v1,3,1.0,1.0,1.0,0.0,False
medqa:test:000264,qwen7b,heuristic_v1,3,1.0,1.0,1.0,0.0,False
medqa:test:000264,qwen7b,medgemma_judge_v1,3,1.0,1.0,0.0,0.22222222222222224,False
medqa:test:000267,qwen7b,heuristic_v1,3,1.0,1.0,1.0,0.0,False
medqa:test:000267,qwen7b,medgemma_judge_v1,3,1.0,1.0,0.0,0.22222222222222224,False
medqa:test:000269,qwen7b,heuristic_v1,3,0.0,0.0,1.0,0.22222222222222224,True
medqa:test:000269,qwen7b,medgemma_judge_v1,3,0.0,0.0,1.0,0.0,True
medqa:test:000271,qwen7b,heuristic_v1,3,1.0,1.0,1.0,0.22222222222222224,False
medqa:test:000271,qwen7b,medgemma_judge_v1,3,1.0,1.0,0.0,0.22222222222222224,False
medqa:test:000272,qwen7b,heuristic_v1,3,1.0,1.0,1.0,0.22222222222222224,False
medqa:test:000272,qwen7b,medgemma_judge_v1,3,1.0,1.0,1.0,0.0,False
medqa:test:000278,qwen7b,heuristic_v1,3,1.0,1.0,1.0,0.0,False
medqa:test:000278,qwen7b,medgemma_judge_v1,3,1.0,1.0,0.0,0.22222222222222224,False
medqa:test:000285,qwen7b,heuristic_v1,3,1.0,1.0,0.0,0.0,False
medqa:test:000285,qwen7b,medgemma_judge_v1,3,1.0,1.0,0.0,0.22222222222222224,False
medqa:test:000288,qwen7b,heuristic_v1,3,0.0,0.0,0.0,0.22222222222222224,True
medqa:test:000288,qwen7b,medgemma_judge_v1,3,0.0,0.0,0.0,0.22222222222222224,True
medqa:test:000289,qwen7b,heuristic_v1,3,0.0,1.0,1.0,0.0,True
medqa:test:000289,qwen7b,medgemma_judge_v1,3,0.0,1.0,1.0,0.0,True
medqa:test:000296,qwen7b,heuristic_v1,3,1.0,1.0,1.0,0.22222222222222224,False
medqa:test:000296,qwen7b,medgemma_judge_v1,3,1.0,1.0,1.0,0.0,False
medqa:test:000304,qwen7b,heuristic_v1,3,1.0,1.0,1.0,0.2222222222222222,False
medqa:test:000304,qwen7b,medgemma_judge_v1,3,1.0,1.0,0.0,0.22222222222222224,False
medqa:test:000307,qwen7b,heuristic_v1,3,1.0,1.0,1.0,0.6666666666666666,False
medqa:test:000307,qwen7b,medgemma_judge_v1,3,1.0,1.0,1.0,0.0,False
medqa:test:000308,qwen7b,heuristic_v1,3,1.0,1.0,1.0,0.0,False
medqa:test:000308,qwen7b,medgemma_judge_v1,3,1.0,1.0,1.0,0.0,False
medqa:test:000313,qwen7b,heuristic_v1,3,1.0,1.0,1.0,0.0,False
medqa:test:000313,qwen7b,medgemma_judge_v1,3,1.0,1.0,1.0,0.0,False
medqa:test:000314,qwen7b,heuristic_v1,3,1.0,1.0,1.0,0.0,False
medqa:test:000314,qwen7b,medgemma_judge_v1,3,1.0,1.0,0.0,0.22222222222222224,False
medqa:test:000319,qwen7b,heuristic_v1,3,1.0,1.0,1.0,0.2222222222222222,False
medqa:test:000319,qwen7b,medgemma_judge_v1,3,1.0,1.0,1.0,0.0,False
medqa:test:000321,qwen7b,heuristic_v1,3,0.0,0.0,1.0,0.22222222222222224,False
medqa:test:000321,qwen7b,medgemma_judge_v1,3,0.0,0.0,0.0,0.22222222222222224,False
medqa:test:000322,qwen7b,heuristic_v1,3,1.0,1.0,1.0,0.0,False
medqa:test:000322,qwen7b,medgemma_judge_v1,3,1.0,1.0,0.0,0.22222222222222224,False
medqa:test:000328,qwen7b,heuristic_v1,3,1.0,1.0,1.0,0.0,False
medqa:test:000328,qwen7b,medgemma_judge_v1,3,1.0,1.0,0.0,0.22222222222222224,False
medqa:test:000329,qwen7b,heuristic_v1,3,1.0,1.0,1.0,0.22222222222222224,False
medqa:test:000329,qwen7b,medgemma_judge_v1,3,1.0,1.0,1.0,0.0,False
medqa:test:000351,qwen7b,heuristic_v1,3,1.0,1.0,0.0,0.2222222222222222,False
medqa:test:000351,qwen7b,medgemma_judge_v1,3,1.0,1.0,0.0,0.22222222222222224,False
medqa:test:000355,qwen7b,heuristic_v1,3,0.0,0.0,1.0,0.22222222222222224,True
medqa:test:000355,qwen7b,medgemma_judge_v1,3,0.0,0.0,0.0,0.22222222222222224,True
medqa:test:000358,qwen7b,heuristic_v1,3,1.0,1.0,1.0,0.0,False
medqa:test:000358,qwen7b,medgemma_judge_v1,3,1.0,1.0,0.0,0.22222222222222224,False
medqa:test:000359,qwen7b,heuristic_v1,3,1.0,1.0,1.0,0.22222222222222224,False
medqa:test:000359,qwen7b,medgemma_judge_v1,3,1.0,1.0,1.0,0.0,False
medqa:test:000360,qwen7b,heuristic_v1,3,1.0,1.0,1.0,0.0,False
medqa:test:000360,qwen7b,medgemma_judge_v1,3,1.0,1.0,1.0,0.0,False
medqa:test:000371,qwen7b,heuristic_v1,3,0.0,0.0,1.0,0.0,False
medqa:test:000371,qwen7b,medgemma_judge_v1,3,0.0,0.0,0.0,0.22222222222222224,False
medqa:test:000402,qwen7b,heuristic_v1,3,1.0,1.0,1.0,0.0,False
medqa:test:000402,qwen7b,medgemma_judge_v1,3,1.0,1.0,1.0,0.0,False
medqa:test:000409,qwen7b,heuristic_v1,3,1.0,1.0,1.0,0.22222222222222224,False
medqa:test:000409,qwen7b,medgemma_judge_v1,3,1.0,1.0,1.0,0.0,False
medqa:test:000421,qwen7b,heuristic_v1,3,1.0,1.0,1.0,0.22222222222222224,False
medqa:test:000421,qwen7b,medgemma_judge_v1,3,1.0,1.0,1.0,0.0,False
medqa:test:000433,qwen7b,heuristic_v1,3,1.0,1.0,1.0,0.0,False
medqa:test:000433,qwen7b,medgemma_judge_v1,3,1.0,1.0,1.0,0.0,False
medqa:test:000435,qwen7b,heuristic_v1,3,1.0,1.0,1.0,0.0,False
medqa:test:000435,qwen7b,medgemma_judge_v1,3,1.0,1.0,1.0,0.0,False
medqa:test:000442,qwen7b,heuristic_v1,3,1.0,1.0,1.0,0.22222222222222224,False
medqa:test:000442,qwen7b,medgemma_judge_v1,3,1.0,1.0,1.0,0.0,False
medqa:test:000443,qwen7b,heuristic_v1,3,1.0,1.0,0.0,0.0,False
medqa:test:000443,qwen7b,medgemma_judge_v1,3,1.0,1.0,1.0,0.0,False
medqa:test:000446,qwen7b,heuristic_v1,3,1.0,1.0,1.0,0.2222222222222222,False
medqa:test:000446,qwen7b,medgemma_judge_v1,3,1.0,1.0,0.0,0.22222222222222224,False
medqa:test:000455,qwen7b,heuristic_v1,3,0.0,1.0,1.0,0.22222222222222224,False
medqa:test:000455,qwen7b,medgemma_judge_v1,3,0.0,1.0,0.0,0.22222222222222224,False
medqa:test:000465,qwen7b,heuristic_v1,3,0.0,0.0,1.0,0.2222222222222222,False
medqa:test:000465,qwen7b,medgemma_judge_v1,3,0.0,0.0,0.0,0.22222222222222224,False
medqa:test:000477,qwen7b,heuristic_v1,3,1.0,1.0,1.0,0.0,False
medqa:test:000477,qwen7b,medgemma_judge_v1,3,1.0,1.0,0.0,0.22222222222222224,False
medqa:test:000480,qwen7b,heuristic_v1,3,0.0,1.0,1.0,0.0,True
medqa:test:000480,qwen7b,medgemma_judge_v1,3,0.0,1.0,1.0,0.0,True
medqa:test:000483,qwen7b,heuristic_v1,3,1.0,1.0,1.0,0.0,False
medqa:test:000483,qwen7b,medgemma_judge_v1,3,1.0,1.0,0.0,0.22222222222222224,False
medqa:test:000498,qwen7b,heuristic_v1,3,0.0,1.0,1.0,0.0,True
medqa:test:000498,qwen7b,medgemma_judge_v1,3,0.0,1.0,0.0,0.22222222222222224,True
medqa:test:000500,qwen7b,heuristic_v1,3,1.0,1.0,1.0,0.2222222222222222,False
medqa:test:000500,qwen7b,medgemma_judge_v1,3,1.0,1.0,0.0,0.22222222222222224,False
medqa:test:000504,qwen7b,heuristic_v1,3,1.0,1.0,1.0,0.22222222222222224,False
medqa:test:000504,qwen7b,medgemma_judge_v1,3,1.0,1.0,1.0,0.0,False
medqa:test:000511,qwen7b,heuristic_v1,3,0.0,0.0,1.0,0.0,True
medqa:test:000511,qwen7b,medgemma_judge_v1,3,0.0,0.0,0.0,0.22222222222222224,True
medqa:test:000514,qwen7b,heuristic_v1,3,0.0,1.0,1.0,0.22222222222222224,True
medqa:test:000514,qwen7b,medgemma_judge_v1,3,0.0,1.0,1.0,0.0,True
medqa:test:000533,qwen7b,heuristic_v1,3,1.0,1.0,1.0,0.22222222222222224,False
medqa:test:000533,qwen7b,medgemma_judge_v1,3,1.0,1.0,0.0,0.22222222222222224,False
medqa:test:000535,qwen7b,heuristic_v1,3,1.0,1.0,1.0,0.2222222222222222,False
medqa:test:000535,qwen7b,medgemma_judge_v1,3,1.0,1.0,1.0,0.0,False
medqa:test:000538,qwen7b,heuristic_v1,3,1.0,1.0,1.0,0.0,False
medqa:test:000538,qwen7b,medgemma_judge_v1,3,1.0,1.0,0.0,0.22222222222222224,False
medqa:test:000540,qwen7b,heuristic_v1,3,1.0,1.0,1.0,0.0,False
medqa:test:000540,qwen7b,medgemma_judge_v1,3,1.0,1.0,0.0,0.22222222222222224,False
medqa:test:000551,qwen7b,heuristic_v1,3,1.0,1.0,1.0,0.22222222222222224,False
medqa:test:000551,qwen7b,medgemma_judge_v1,3,1.0,1.0,1.0,0.0,False
medqa:test:000552,qwen7b,heuristic_v1,3,1.0,1.0,1.0,0.22222222222222224,False
medqa:test:000552,qwen7b,medgemma_judge_v1,3,1.0,1.0,0.0,0.22222222222222224,False
medqa:test:000555,qwen7b,heuristic_v1,3,1.0,1.0,0.0,0.0,False
medqa:test:000555,qwen7b,medgemma_judge_v1,3,1.0,1.0,1.0,0.0,False
medqa:test:000560,qwen7b,heuristic_v1,3,1.0,1.0,1.0,0.0,False
medqa:test:000560,qwen7b,medgemma_judge_v1,3,1.0,1.0,1.0,0.0,False
medqa:test:000563,qwen7b,heuristic_v1,3,1.0,1.0,1.0,0.22222222222222224,False
medqa:test:000563,qwen7b,medgemma_judge_v1,3,1.0,1.0,1.0,0.0,False
medqa:test:000567,qwen7b,heuristic_v1,3,0.0,0.0,1.0,0.0,True
medqa:test:000567,qwen7b,medgemma_judge_v1,3,0.0,0.0,1.0,0.0,True
medqa:test:000571,qwen7b,heuristic_v1,3,1.0,1.0,0.0,0.0,False
medqa:test:000571,qwen7b,medgemma_judge_v1,3,1.0,1.0,1.0,0.0,False
medqa:test:000576,qwen7b,heuristic_v1,3,1.0,1.0,1.0,0.2222222222222222,False
medqa:test:000576,qwen7b,medgemma_judge_v1,3,1.0,1.0,0.0,0.22222222222222224,False
medqa:test:000577,qwen7b,heuristic_v1,3,1.0,1.0,1.0,0.0,False
medqa:test:000577,qwen7b,medgemma_judge_v1,3,1.0,1.0,1.0,0.0,False
medqa:test:000579,qwen7b,heuristic_v1,3,1.0,1.0,1.0,0.0,False
medqa:test:000579,qwen7b,medgemma_judge_v1,3,1.0,1.0,0.0,0.22222222222222224,False
medqa:test:000591,qwen7b,heuristic_v1,3,1.0,1.0,1.0,0.0,False
medqa:test:000591,qwen7b,medgemma_judge_v1,3,1.0,1.0,0.0,0.22222222222222224,False
medqa:test:000592,qwen7b,heuristic_v1,3,0.0,0.0,1.0,0.0,True
medqa:test:000592,qwen7b,medgemma_judge_v1,3,0.0,0.0,0.0,0.22222222222222224,True
medqa:test:000595,qwen7b,heuristic_v1,3,1.0,1.0,1.0,0.0,False
medqa:test:000595,qwen7b,medgemma_judge_v1,3,1.0,1.0,1.0,0.0,False
medqa:test:000599,qwen7b,heuristic_v1,3,1.0,1.0,1.0,0.0,False
medqa:test:000599,qwen7b,medgemma_judge_v1,3,1.0,1.0,1.0,0.0,False
medqa:test:000612,qwen7b,heuristic_v1,3,0.0,0.0,1.0,0.0,True
medqa:test:000612,qwen7b,medgemma_judge_v1,3,0.0,0.0,0.0,0.22222222222222224,True
medqa:test:000621,qwen7b,heuristic_v1,3,1.0,1.0,1.0,0.22222222222222224,False
medqa:test:000621,qwen7b,medgemma_judge_v1,3,1.0,1.0,0.0,0.22222222222222224,False
medqa:test:000627,qwen7b,heuristic_v1,3,1.0,1.0,1.0,0.22222222222222224,False
medqa:test:000627,qwen7b,medgemma_judge_v1,3,1.0,1.0,0.0,0.22222222222222224,False
medqa:test:000628,qwen7b,heuristic_v1,3,1.0,1.0,1.0,0.22222222222222224,False
medqa:test:000628,qwen7b,medgemma_judge_v1,3,1.0,1.0,1.0,0.0,False
medqa:test:000640,qwen7b,heuristic_v1,3,1.0,1.0,1.0,0.0,False
medqa:test:000640,qwen7b,medgemma_judge_v1,3,1.0,1.0,1.0,0.0,False
medqa:test:000641,qwen7b,heuristic_v1,3,1.0,1.0,1.0,0.0,False
medqa:test:000641,qwen7b,medgemma_judge_v1,3,1.0,1.0,1.0,0.0,False
medqa:test:000646,qwen7b,heuristic_v1,3,1.0,1.0,1.0,0.0,False
medqa:test:000646,qwen7b,medgemma_judge_v1,3,1.0,1.0,1.0,0.0,False
medqa:test:000650,qwen7b,heuristic_v1,3,1.0,1.0,1.0,0.0,False
medqa:test:000650,qwen7b,medgemma_judge_v1,3,1.0,1.0,1.0,0.0,False
medqa:test:000655,qwen7b,heuristic_v1,3,0.0,1.0,1.0,0.0,True
medqa:test:000655,qwen7b,medgemma_judge_v1,3,0.0,1.0,0.0,0.22222222222222224,True
medqa:test:000666,qwen7b,heuristic_v1,3,0.0,0.0,1.0,0.0,True
medqa:test:000666,qwen7b,medgemma_judge_v1,3,0.0,0.0,0.0,0.22222222222222224,True
medqa:test:000682,qwen7b,heuristic_v1,3,1.0,1.0,1.0,0.22222222222222224,False
medqa:test:000682,qwen7b,medgemma_judge_v1,3,1.0,1.0,1.0,0.0,False
medqa:test:000689,qwen7b,heuristic_v1,3,0.0,0.0,1.0,0.0,True
medqa:test:000689,qwen7b,medgemma_judge_v1,3,0.0,0.0,1.0,0.0,True
medqa:test:000698,qwen7b,heuristic_v1,3,0.0,0.0,1.0,0.0,True
medqa:test:000698,qwen7b,medgemma_judge_v1,3,0.0,0.0,1.0,0.0,True
medqa:test:000709,qwen7b,heuristic_v1,3,1.0,1.0,1.0,0.22222222222222224,False
medqa:test:000709,qwen7b,medgemma_judge_v1,3,1.0,1.0,1.0,0.0,False
medqa:test:000723,qwen7b,heuristic_v1,3,1.0,1.0,1.0,0.22222222222222224,False
medqa:test:000723,qwen7b,medgemma_judge_v1,3,1.0,1.0,1.0,0.0,False
medqa:test:000726,qwen7b,heuristic_v1,3,1.0,1.0,1.0,0.22222222222222224,False
medqa:test:000726,qwen7b,medgemma_judge_v1,3,1.0,1.0,1.0,0.0,False
medqa:test:000748,qwen7b,heuristic_v1,3,0.0,0.0,1.0,0.22222222222222224,True
medqa:test:000748,qwen7b,medgemma_judge_v1,3,0.0,0.0,0.0,0.22222222222222224,True
medqa:test:000751,qwen7b,heuristic_v1,3,1.0,1.0,1.0,0.0,False
medqa:test:000751,qwen7b,medgemma_judge_v1,3,1.0,1.0,0.0,0.22222222222222224,False
medqa:test:000757,qwen7b,heuristic_v1,3,0.0,0.0,1.0,0.0,True
medqa:test:000757,qwen7b,medgemma_judge_v1,3,0.0,0.0,1.0,0.0,True
medqa:test:000758,qwen7b,heuristic_v1,3,1.0,1.0,1.0,0.22222222222222224,False
medqa:test:000758,qwen7b,medgemma_judge_v1,3,1.0,1.0,0.0,0.22222222222222224,False
medqa:test:000793,qwen7b,heuristic_v1,3,1.0,1.0,1.0,0.22222222222222224,False
medqa:test:000793,qwen7b,medgemma_judge_v1,3,1.0,1.0,1.0,0.0,False
medqa:test:000804,qwen7b,heuristic_v1,3,1.0,1.0,1.0,0.0,False
medqa:test:000804,qwen7b,medgemma_judge_v1,3,1.0,1.0,0.0,0.22222222222222224,False
medqa:test:000810,qwen7b,heuristic_v1,3,1.0,1.0,1.0,0.6666666666666666,False
medqa:test:000810,qwen7b,medgemma_judge_v1,3,1.0,1.0,0.0,0.22222222222222224,False
medqa:test:000811,qwen7b,heuristic_v1,3,1.0,1.0,1.0,0.0,False
medqa:test:000811,qwen7b,medgemma_judge_v1,3,1.0,1.0,1.0,0.0,False
medqa:test:000825,qwen7b,heuristic_v1,3,1.0,1.0,1.0,0.0,False
medqa:test:000825,qwen7b,medgemma_judge_v1,3,1.0,1.0,1.0,0.0,False
medqa:test:000837,qwen7b,heuristic_v1,3,1.0,1.0,1.0,0.22222222222222224,False
medqa:test:000837,qwen7b,medgemma_judge_v1,3,1.0,1.0,1.0,0.0,False
medqa:test:000840,qwen7b,heuristic_v1,3,1.0,1.0,1.0,0.0,False
medqa:test:000840,qwen7b,medgemma_judge_v1,3,1.0,1.0,1.0,0.0,False
medqa:test:000843,qwen7b,heuristic_v1,3,0.0,0.0,1.0,0.0,True
medqa:test:000843,qwen7b,medgemma_judge_v1,3,0.0,0.0,0.0,0.22222222222222224,True
medqa:test:000844,qwen7b,heuristic_v1,3,1.0,1.0,1.0,0.0,False
medqa:test:000844,qwen7b,medgemma_judge_v1,3,1.0,1.0,1.0,0.0,False
medqa:test:000848,qwen7b,heuristic_v1,3,1.0,1.0,1.0,0.6666666666666666,False
medqa:test:000848,qwen7b,medgemma_judge_v1,3,1.0,1.0,1.0,0.0,False
medqa:test:000850,qwen7b,heuristic_v1,3,1.0,1.0,0.0,0.22222222222222224,False
medqa:test:000850,qwen7b,medgemma_judge_v1,3,1.0,1.0,1.0,0.0,False
medqa:test:000852,qwen7b,heuristic_v1,3,0.0,1.0,1.0,0.0,True
medqa:test:000852,qwen7b,medgemma_judge_v1,3,0.0,1.0,1.0,0.0,True
medqa:test:000869,qwen7b,heuristic_v1,3,1.0,1.0,1.0,0.22222222222222224,False
medqa:test:000869,qwen7b,medgemma_judge_v1,3,1.0,1.0,0.0,0.22222222222222224,False
medqa:test:000872,qwen7b,heuristic_v1,3,0.0,1.0,1.0,0.0,True
medqa:test:000872,qwen7b,medgemma_judge_v1,3,0.0,1.0,1.0,0.0,True
medqa:test:000876,qwen7b,heuristic_v1,3,1.0,1.0,1.0,0.0,False
medqa:test:000876,qwen7b,medgemma_judge_v1,3,1.0,1.0,1.0,0.0,False
medqa:test:000879,qwen7b,heuristic_v1,3,1.0,1.0,1.0,0.22222222222222224,False
medqa:test:000879,qwen7b,medgemma_judge_v1,3,1.0,1.0,1.0,0.0,False
medqa:test:000880,qwen7b,heuristic_v1,3,0.0,1.0,1.0,0.0,True
medqa:test:000880,qwen7b,medgemma_judge_v1,3,0.0,1.0,0.0,0.22222222222222224,True
medqa:test:000881,qwen7b,heuristic_v1,3,1.0,1.0,1.0,0.22222222222222224,False
medqa:test:000881,qwen7b,medgemma_judge_v1,3,1.0,1.0,1.0,0.0,False
medqa:test:000901,qwen7b,heuristic_v1,3,1.0,1.0,1.0,0.0,False
medqa:test:000901,qwen7b,medgemma_judge_v1,3,1.0,1.0,1.0,0.0,False
medqa:test:000916,qwen7b,heuristic_v1,3,0.0,0.0,1.0,0.6666666666666666,True
medqa:test:000916,qwen7b,medgemma_judge_v1,3,0.0,0.0,0.0,0.22222222222222224,True
medqa:test:000924,qwen7b,heuristic_v1,3,0.0,0.0,1.0,0.0,True
medqa:test:000924,qwen7b,medgemma_judge_v1,3,0.0,0.0,0.0,0.22222222222222224,True
medqa:test:000931,qwen7b,heuristic_v1,3,1.0,1.0,1.0,0.0,False
medqa:test:000931,qwen7b,medgemma_judge_v1,3,1.0,1.0,1.0,0.0,False
medqa:test:000934,qwen7b,heuristic_v1,3,0.0,0.0,0.0,0.22222222222222224,True
medqa:test:000934,qwen7b,medgemma_judge_v1,3,0.0,0.0,1.0,0.0,True
medqa:test:000935,qwen7b,heuristic_v1,3,0.0,0.0,1.0,0.22222222222222224,True
medqa:test:000935,qwen7b,medgemma_judge_v1,3,0.0,0.0,0.0,0.22222222222222224,True
medqa:test:000936,qwen7b,heuristic_v1,3,1.0,1.0,1.0,0.0,False
medqa:test:000936,qwen7b,medgemma_judge_v1,3,1.0,1.0,1.0,0.0,False
medqa:test:000941,qwen7b,heuristic_v1,3,1.0,1.0,1.0,0.22222222222222224,False
medqa:test:000941,qwen7b,medgemma_judge_v1,3,1.0,1.0,0.0,0.22222222222222224,False
medqa:test:000942,qwen7b,heuristic_v1,3,0.0,0.0,1.0,0.22222222222222224,True
medqa:test:000942,qwen7b,medgemma_judge_v1,3,0.0,0.0,1.0,0.0,True
medqa:test:000949,qwen7b,heuristic_v1,3,1.0,1.0,1.0,0.0,False
medqa:test:000949,qwen7b,medgemma_judge_v1,3,1.0,1.0,0.0,0.22222222222222224,False
medqa:test:000951,qwen7b,heuristic_v1,3,1.0,1.0,1.0,0.22222222222222224,False
medqa:test:000951,qwen7b,medgemma_judge_v1,3,1.0,1.0,0.0,0.22222222222222224,False
medqa:test:000955,qwen7b,heuristic_v1,3,1.0,1.0,0.0,0.22222222222222224,False
medqa:test:000955,qwen7b,medgemma_judge_v1,3,1.0,1.0,1.0,0.0,False
medqa:test:000960,qwen7b,heuristic_v1,3,1.0,1.0,1.0,0.0,False
medqa:test:000960,qwen7b,medgemma_judge_v1,3,1.0,1.0,0.0,0.22222222222222224,False
medqa:test:000963,qwen7b,heuristic_v1,3,1.0,1.0,1.0,0.0,False
medqa:test:000963,qwen7b,medgemma_judge_v1,3,1.0,1.0,0.0,0.22222222222222224,False
medqa:test:000968,qwen7b,heuristic_v1,3,1.0,1.0,1.0,0.22222222222222224,False
medqa:test:000968,qwen7b,medgemma_judge_v1,3,1.0,1.0,1.0,0.0,False
medqa:test:000970,qwen7b,heuristic_v1,3,1.0,1.0,1.0,0.22222222222222224,False
medqa:test:000970,qwen7b,medgemma_judge_v1,3,1.0,1.0,0.0,0.22222222222222224,False
medqa:test:000983,qwen7b,heuristic_v1,3,1.0,1.0,1.0,0.22222222222222224,False
medqa:test:000983,qwen7b,medgemma_judge_v1,3,1.0,1.0,1.0,0.0,False
medqa:test:000986,qwen7b,heuristic_v1,3,1.0,1.0,1.0,0.22222222222222224,False
medqa:test:000986,qwen7b,medgemma_judge_v1,3,1.0,1.0,1.0,0.0,False
medqa:test:000995,qwen7b,heuristic_v1,3,1.0,1.0,1.0,0.0,False
medqa:test:000995,qwen7b,medgemma_judge_v1,3,1.0,1.0,1.0,0.0,False
medqa:test:000997,qwen7b,heuristic_v1,3,1.0,1.0,1.0,0.22222222222222224,False
medqa:test:000997,qwen7b,medgemma_judge_v1,3,1.0,1.0,1.0,0.0,False
medqa:test:000998,qwen7b,heuristic_v1,3,1.0,1.0,1.0,0.22222222222222224,False
medqa:test:000998,qwen7b,medgemma_judge_v1,3,1.0,1.0,1.0,0.0,False
medqa:test:001005,qwen7b,heuristic_v1,3,1.0,1.0,1.0,0.0,False
medqa:test:001005,qwen7b,medgemma_judge_v1,3,1.0,1.0,0.0,0.22222222222222224,False
medqa:test:001006,qwen7b,heuristic_v1,3,0.0,0.0,1.0,0.22222222222222224,False
medqa:test:001006,qwen7b,medgemma_judge_v1,3,0.0,0.0,1.0,0.0,False
medqa:test:001012,qwen7b,heuristic_v1,3,0.0,0.0,1.0,0.22222222222222224,True
medqa:test:001012,qwen7b,medgemma_judge_v1,3,0.0,0.0,1.0,0.0,True
medqa:test:001016,qwen7b,heuristic_v1,3,1.0,1.0,1.0,0.22222222222222224,False
medqa:test:001016,qwen7b,medgemma_judge_v1,3,1.0,1.0,1.0,0.0,False
medqa:test:001018,qwen7b,heuristic_v1,3,1.0,1.0,1.0,0.2222222222222222,False
medqa:test:001018,qwen7b,medgemma_judge_v1,3,1.0,1.0,1.0,0.0,False
medqa:test:001026,qwen7b,heuristic_v1,3,1.0,1.0,0.0,0.22222222222222224,False
medqa:test:001026,qwen7b,medgemma_judge_v1,3,1.0,1.0,0.0,0.22222222222222224,False
medqa:test:001034,qwen7b,heuristic_v1,3,0.0,0.0,1.0,0.0,True
medqa:test:001034,qwen7b,medgemma_judge_v1,3,0.0,0.0,0.0,0.22222222222222224,True
medqa:test:001039,qwen7b,heuristic_v1,3,0.0,0.0,1.0,0.0,False
medqa:test:001039,qwen7b,medgemma_judge_v1,3,0.0,0.0,1.0,0.0,False
medqa:test:001049,qwen7b,heuristic_v1,3,1.0,1.0,1.0,0.0,False
medqa:test:001049,qwen7b,medgemma_judge_v1,3,1.0,1.0,0.0,0.22222222222222224,False
medqa:test:001073,qwen7b,heuristic_v1,3,0.0,1.0,1.0,0.0,True
medqa:test:001073,qwen7b,medgemma_judge_v1,3,0.0,1.0,1.0,0.0,True
medqa:test:001081,qwen7b,heuristic_v1,3,1.0,1.0,0.0,0.0,False
medqa:test:001081,qwen7b,medgemma_judge_v1,3,1.0,1.0,1.0,0.0,False
medqa:test:001082,qwen7b,heuristic_v1,3,0.0,0.0,1.0,0.0,True
medqa:test:001082,qwen7b,medgemma_judge_v1,3,0.0,0.0,1.0,0.0,True
medqa:test:001089,qwen7b,heuristic_v1,3,0.0,0.0,1.0,0.22222222222222224,True
medqa:test:001089,qwen7b,medgemma_judge_v1,3,0.0,0.0,0.0,0.22222222222222224,True
medqa:test:001092,qwen7b,heuristic_v1,3,1.0,1.0,0.0,0.2222222222222222,False
medqa:test:001092,qwen7b,medgemma_judge_v1,3,1.0,1.0,1.0,0.0,False
medqa:test:001106,qwen7b,heuristic_v1,3,0.0,1.0,0.0,0.2222222222222222,False
medqa:test:001106,qwen7b,medgemma_judge_v1,3,0.0,1.0,1.0,0.0,False
medqa:test:001115,qwen7b,heuristic_v1,3,1.0,1.0,0.0,0.22222222222222224,False
medqa:test:001115,qwen7b,medgemma_judge_v1,3,1.0,1.0,1.0,0.0,False
medqa:test:001120,qwen7b,heuristic_v1,3,1.0,1.0,1.0,0.0,False
medqa:test:001120,qwen7b,medgemma_judge_v1,3,1.0,1.0,1.0,0.0,False
medqa:test:001132,qwen7b,heuristic_v1,3,1.0,1.0,1.0,0.0,False
medqa:test:001132,qwen7b,medgemma_judge_v1,3,1.0,1.0,0.0,0.22222222222222224,False
medqa:test:001141,qwen7b,heuristic_v1,3,1.0,1.0,1.0,0.0,False
medqa:test:001141,qwen7b,medgemma_judge_v1,3,1.0,1.0,1.0,0.0,False
medqa:test:001146,qwen7b,heuristic_v1,3,0.0,1.0,1.0,0.0,True
medqa:test:001146,qwen7b,medgemma_judge_v1,3,0.0,1.0,1.0,0.0,True
medqa:test:001150,qwen7b,heuristic_v1,3,0.0,0.0,0.0,0.0,True
medqa:test:001150,qwen7b,medgemma_judge_v1,3,0.0,0.0,1.0,0.0,True
medqa:test:001151,qwen7b,heuristic_v1,3,1.0,1.0,1.0,0.0,False
medqa:test:001151,qwen7b,medgemma_judge_v1,3,1.0,1.0,0.0,0.22222222222222224,False
medqa:test:001161,qwen7b,heuristic_v1,3,1.0,1.0,1.0,0.0,False
medqa:test:001161,qwen7b,medgemma_judge_v1,3,1.0,1.0,0.0,0.22222222222222224,False
medqa:test:001163,qwen7b,heuristic_v1,3,1.0,1.0,1.0,0.0,False
medqa:test:001163,qwen7b,medgemma_judge_v1,3,1.0,1.0,1.0,0.0,False
medqa:test:001165,qwen7b,heuristic_v1,3,1.0,1.0,1.0,0.0,False
medqa:test:001165,qwen7b,medgemma_judge_v1,3,1.0,1.0,1.0,0.0,False
medqa:test:001168,qwen7b,heuristic_v1,3,1.0,1.0,1.0,0.22222222222222224,False
medqa:test:001168,qwen7b,medgemma_judge_v1,3,1.0,1.0,0.0,0.22222222222222224,False
medqa:test:001181,qwen7b,heuristic_v1,3,1.0,1.0,1.0,0.22222222222222224,False
medqa:test:001181,qwen7b,medgemma_judge_v1,3,1.0,1.0,0.0,0.22222222222222224,False
medqa:test:001186,qwen7b,heuristic_v1,3,1.0,1.0,1.0,0.22222222222222224,False
medqa:test:001186,qwen7b,medgemma_judge_v1,3,1.0,1.0,0.0,0.22222222222222224,False
medqa:test:001188,qwen7b,heuristic_v1,3,1.0,1.0,0.0,0.22222222222222224,False
medqa:test:001188,qwen7b,medgemma_judge_v1,3,1.0,1.0,1.0,0.0,False
medqa:test:001196,qwen7b,heuristic_v1,3,1.0,1.0,1.0,0.0,False
medqa:test:001196,qwen7b,medgemma_judge_v1,3,1.0,1.0,1.0,0.0,False
medqa:test:001203,qwen7b,heuristic_v1,3,1.0,1.0,1.0,0.0,False
medqa:test:001203,qwen7b,medgemma_judge_v1,3,1.0,1.0,1.0,0.0,False
medqa:test:001206,qwen7b,heuristic_v1,3,1.0,1.0,1.0,0.22222222222222224,False
medqa:test:001206,qwen7b,medgemma_judge_v1,3,1.0,1.0,0.0,0.22222222222222224,False
medqa:test:001208,qwen7b,heuristic_v1,3,1.0,1.0,1.0,0.0,False
medqa:test:001208,qwen7b,medgemma_judge_v1,3,1.0,1.0,1.0,0.0,False
medqa:test:001214,qwen7b,heuristic_v1,3,1.0,1.0,1.0,0.0,False
medqa:test:001214,qwen7b,medgemma_judge_v1,3,1.0,1.0,1.0,0.0,False
medqa:test:001218,qwen7b,heuristic_v1,3,1.0,1.0,1.0,0.0,False
medqa:test:001218,qwen7b,medgemma_judge_v1,3,1.0,1.0,1.0,0.0,False
medqa:test:001223,qwen7b,heuristic_v1,3,1.0,1.0,1.0,0.22222222222222224,False
medqa:test:001223,qwen7b,medgemma_judge_v1,3,1.0,1.0,0.0,0.22222222222222224,False
medqa:test:001226,qwen7b,heuristic_v1,3,1.0,1.0,1.0,0.0,False
medqa:test:001226,qwen7b,medgemma_judge_v1,3,1.0,1.0,0.0,0.22222222222222224,False
medqa:test:001228,qwen7b,heuristic_v1,3,1.0,1.0,1.0,0.0,False
medqa:test:001228,qwen7b,medgemma_judge_v1,3,1.0,1.0,1.0,0.0,False
medqa:test:001233,qwen7b,heuristic_v1,3,1.0,1.0,1.0,0.0,False
medqa:test:001233,qwen7b,medgemma_judge_v1,3,1.0,1.0,1.0,0.0,False
medqa:test:001243,qwen7b,heuristic_v1,3,1.0,1.0,1.0,0.2222222222222222,False
medqa:test:001243,qwen7b,medgemma_judge_v1,3,1.0,1.0,0.0,0.22222222222222224,False
medqa:test:001249,qwen7b,heuristic_v1,3,1.0,1.0,1.0,0.22222222222222224,False
medqa:test:001249,qwen7b,medgemma_judge_v1,3,1.0,1.0,1.0,0.0,False
medqa:test:001265,qwen7b,heuristic_v1,3,1.0,1.0,1.0,0.0,False
medqa:test:001265,qwen7b,medgemma_judge_v1,3,1.0,1.0,1.0,0.0,False
medqa:test:001271,qwen7b,heuristic_v1,3,1.0,1.0,1.0,0.0,False
medqa:test:001271,qwen7b,medgemma_judge_v1,3,1.0,1.0,1.0,0.0,False
medqa:test:001272,qwen7b,heuristic_v1,3,1.0,1.0,1.0,0.22222222222222224,False
medqa:test:001272,qwen7b,medgemma_judge_v1,3,1.0,1.0,1.0,0.0,False
